{
  "id": "02",
  "title": "Introduction to Chemistry",
  "imgSrc": "chemistryBackground.jpg",
  "topics": [
    {
      "title": "Atoms and Molecules",
      "sections": [
        {
          "type": "text",
          "content": "Atoms are the smallest unit of matter that retain the identity of an element."
        },
        {
          "type": "image",
          "src": "atom_structure.jpg",
          "caption": "Structure of an atom showing electrons, protons, and neutrons."
        },
        {
          "type": "trivia",
          "content": "Water is a compound made from two hydrogen atoms and one oxygen atom."
        }
      ]
    },
    {
      "title": "Chemical Bonds",
      "sections": [
        {
          "type": "text",
          "content": "Chemical bonds form when atoms share or transfer electrons."
        },
        {
          "type": "remember",
          "content": "Ionic bonds occur between metals and non-metals."
        },
        {
          "type": "active-recall",
          "question": "What type of bond is formed by sharing electrons?",
          "answer": "Covalent bond"
        }
      ]
    }
  ],
  "assessment": [
    {
      "question": "What is the charge of an electron?",
      "choices": {
        "a": "Positive",
        "b": "Negative",
        "c": "Neutral",
        "d": "It depends"
      },
      "answer": "b"
    },
    {
      "question": "What type of bond involves electron transfer?",
      "choices": {
        "a": "Hydrogen bond",
        "b": "Metallic bond",
        "c": "Ionic bond",
        "d": "Covalent bond"
      },
      "answer": "c"
    }
  ]
}
