{
  "id": "01",
  "title": "Introduction to Biology",
  "imgSrc": null,
  "topics": [
    {
      "title": "Cell Structure",
      "sections": [
        {
          "type": "text",
          "content": "Cells are the basic building blocks of all living organisms."
        },
        {
          "type": "image",
          "src": "CellDiagram.png",
          "caption": "Diagram of a typical animal cell."
        },
        {
          "type": "trivia",
          "content": "The human body has around 37.2 trillion cells."
        }
      ]
    },
    {
      "title": "Cell Functions",
      "sections": [
        {
          "type": "remember",
          "content": "Mitochondria are known as the powerhouse of the cell."
        },
        {
          "type": "active-recall",
          "question": "What is the function of the nucleus?",
          "answer": "It stores the cell's genetic material (DNA)."
        }
      ]
    }
  ],
  "assessment": [
    {
      "question": "What is the powerhouse of the cell?",
      "choices": {
        "a": "Nucleus",
        "b": "Ribosome",
        "c": "Mitochondria",
        "d": "Endoplasmic reticulum"
      },
      "answer": "c"
    },
    {
      "question": "Which part of the cell contains genetic material?",
      "choices": {
        "a": "Cytoplasm",
        "b": "Nucleus",
        "c": "Golgi apparatus",
        "d": "Cell wall"
      },
      "answer": "b"
    }
  ]
}
